{
    "counter": {
        "ACTIVE": 11254,
        "INACTIVE": 9744,
        "INVALID": 2,
        "MALICIOUS": 0,
        "SANE": 0,
        "VALID": 0,
        "total": 21000
    },
    "percentage": {
        "ACTIVE": 53.59047619047619,
        "INACTIVE": 46.4,
        "INVALID": 0.009523809523809525,
        "MALICIOUS": 0.0,
        "SANE": 0.0,
        "VALID": 0.0,
        "total": 100.0
    }
}