{
    "counter": {
        "ACTIVE": 12595,
        "INACTIVE": 8403,
        "INVALID": 2,
        "MALICIOUS": 0,
        "SANE": 0,
        "VALID": 0,
        "total": 21000
    },
    "percentage": {
        "ACTIVE": 59.976190476190474,
        "INACTIVE": 40.01619124720225,
        "INVALID": 0.059049306170652495,
        "MALICIOUS": 0,
        "SANE": 0,
        "VALID": 0,
        "total": 100.05143102956337
    }
}