{
    "counter": {
        "ACTIVE": 12860,
        "INACTIVE": 8138,
        "INVALID": 2,
        "MALICIOUS": 0,
        "SANE": 0,
        "VALID": 0,
        "total": 21000
    },
    "percentage": {
        "ACTIVE": 61.23809523809524,
        "INACTIVE": 38.763456225588264,
        "INVALID": 0.059049306170652495,
        "MALICIOUS": 0,
        "SANE": 0,
        "VALID": 0,
        "total": 100.06060076985416
    }
}