{
    "counter": {
        "ACTIVE": 12273,
        "INACTIVE": 8725,
        "INVALID": 2,
        "MALICIOUS": 0,
        "SANE": 0,
        "VALID": 0,
        "total": 21000
    },
    "percentage": {
        "ACTIVE": 58.44285714285714,
        "INACTIVE": 41.54959759988571,
        "INVALID": 0.059049306170652495,
        "MALICIOUS": 0,
        "SANE": 0,
        "VALID": 0,
        "total": 100.0515040489135
    }
}