{
    "counter": {
        "ACTIVE": 13139,
        "INACTIVE": 7859,
        "INVALID": 2,
        "MALICIOUS": 0,
        "SANE": 0,
        "VALID": 0,
        "total": 21000
    },
    "percentage": {
        "ACTIVE": 62.56666666666667,
        "INACTIVE": 37.42559169484261,
        "INVALID": 0.059049306170652495,
        "MALICIOUS": 0,
        "SANE": 0,
        "VALID": 0,
        "total": 100.05130766767992
    }
}