{
    "counter": {
        "ACTIVE": 12964,
        "INACTIVE": 8034,
        "INVALID": 2,
        "MALICIOUS": 0,
        "SANE": 0,
        "VALID": 0,
        "total": 21000
    },
    "percentage": {
        "ACTIVE": 61.733333333333334,
        "INACTIVE": 38.25896471260536,
        "INVALID": 0.059049306170652495,
        "MALICIOUS": 0,
        "SANE": 0,
        "VALID": 0,
        "total": 100.05134735210935
    }
}