{
    "counter": {
        "ACTIVE": 11458,
        "INACTIVE": 9540,
        "INVALID": 2,
        "MALICIOUS": 0,
        "SANE": 0,
        "VALID": 0,
        "total": 21000
    },
    "percentage": {
        "ACTIVE": 54.56190476190476,
        "INACTIVE": 45.42857142857143,
        "INVALID": 0.009523809523809525,
        "MALICIOUS": 0.0,
        "SANE": 0.0,
        "VALID": 0.0,
        "total": 100.0
    }
}