{
    "counter": {
        "ACTIVE": 12371,
        "INACTIVE": 8627,
        "INVALID": 2,
        "MALICIOUS": 0,
        "SANE": 0,
        "VALID": 0,
        "total": 21000
    },
    "percentage": {
        "ACTIVE": 58.90952380952381,
        "INACTIVE": 41.08290870993857,
        "INVALID": 0.059049306170652495,
        "MALICIOUS": 0,
        "SANE": 0,
        "VALID": 0,
        "total": 100.05148182563303
    }
}