{
    "counter": {
        "ACTIVE": 12670,
        "INACTIVE": 8328,
        "INVALID": 2,
        "MALICIOUS": 0,
        "SANE": 0,
        "VALID": 0,
        "total": 21000
    },
    "percentage": {
        "ACTIVE": 60.333333333333336,
        "INACTIVE": 39.66280897271039,
        "INVALID": 0.059049306170652495,
        "MALICIOUS": 0,
        "SANE": 0,
        "VALID": 0,
        "total": 100.05519161221437
    }
}