{
    "counter": {
        "ACTIVE": 12519,
        "INACTIVE": 8479,
        "INVALID": 2,
        "MALICIOUS": 0,
        "SANE": 0,
        "VALID": 0,
        "total": 21000
    },
    "percentage": {
        "ACTIVE": 59.614285714285714,
        "INACTIVE": 40.37811324348778,
        "INVALID": 0.059049306170652495,
        "MALICIOUS": 0,
        "SANE": 0,
        "VALID": 0,
        "total": 100.05144826394415
    }
}